Season,seasonal_revenue
Spring,243075.04342331263
Winter,241288.70076465773
Summer,236864.93318282324
Autumn,212935.7466853304
Fall,60018
